<?xml version="1.0" encoding="UTF-8"?>
<!-- IMPORTANT: This is an internal file that has been generated
     by the Xilinx ISE software.  Any direct editing or
     changes made to this file may result in unpredictable
     behavior or data corruption.  It is strongly advised that
     users do not edit the contents of this file. -->
<DeviceUsageSummary rev="69">
<DesignStatistics TimeStamp="Tue Dec 06 20:59:54 2016"><group name="NetStatistics">
<item name="NumNets_Active" rev="69">
<attrib name="value" value="173"/></item>
<item name="NumNets_Gnd" rev="69">
<attrib name="value" value="1"/></item>
<item name="NumNets_Vcc" rev="69">
<attrib name="value" value="1"/></item>
<item name="NumNodesOfType_Active_BRAMDUMMY" rev="69">
<attrib name="value" value="20"/></item>
<item name="NumNodesOfType_Active_CLKPIN" rev="69">
<attrib name="value" value="53"/></item>
<item name="NumNodesOfType_Active_CNTRLPIN" rev="69">
<attrib name="value" value="40"/></item>
<item name="NumNodesOfType_Active_DOUBLE" rev="69">
<attrib name="value" value="220"/></item>
<item name="NumNodesOfType_Active_DUMMY" rev="69">
<attrib name="value" value="299"/></item>
<item name="NumNodesOfType_Active_DUMMYBANK" rev="69">
<attrib name="value" value="1"/></item>
<item name="NumNodesOfType_Active_DUMMYESC" rev="69">
<attrib name="value" value="9"/></item>
<item name="NumNodesOfType_Active_GLOBAL" rev="69">
<attrib name="value" value="16"/></item>
<item name="NumNodesOfType_Active_HFULLHEX" rev="69">
<attrib name="value" value="1"/></item>
<item name="NumNodesOfType_Active_HUNIHEX" rev="69">
<attrib name="value" value="15"/></item>
<item name="NumNodesOfType_Active_INPUT" rev="69">
<attrib name="value" value="399"/></item>
<item name="NumNodesOfType_Active_IOBOUTPUT" rev="69">
<attrib name="value" value="9"/></item>
<item name="NumNodesOfType_Active_OMUX" rev="69">
<attrib name="value" value="174"/></item>
<item name="NumNodesOfType_Active_OUTPUT" rev="69">
<attrib name="value" value="141"/></item>
<item name="NumNodesOfType_Active_PREBXBY" rev="69">
<attrib name="value" value="119"/></item>
<item name="NumNodesOfType_Active_VFULLHEX" rev="69">
<attrib name="value" value="11"/></item>
<item name="NumNodesOfType_Active_VLONG" rev="69">
<attrib name="value" value="4"/></item>
<item name="NumNodesOfType_Active_VUNIHEX" rev="69">
<attrib name="value" value="31"/></item>
<item name="NumNodesOfType_Gnd_BRAMDUMMY" rev="69">
<attrib name="value" value="30"/></item>
<item name="NumNodesOfType_Gnd_CLKPIN" rev="69">
<attrib name="value" value="1"/></item>
<item name="NumNodesOfType_Gnd_DOUBLE" rev="69">
<attrib name="value" value="10"/></item>
<item name="NumNodesOfType_Gnd_DUMMY" rev="69">
<attrib name="value" value="14"/></item>
<item name="NumNodesOfType_Gnd_DUMMYBANK" rev="69">
<attrib name="value" value="11"/></item>
<item name="NumNodesOfType_Gnd_HUNIHEX" rev="69">
<attrib name="value" value="1"/></item>
<item name="NumNodesOfType_Gnd_INPUT" rev="69">
<attrib name="value" value="48"/></item>
<item name="NumNodesOfType_Gnd_OMUX" rev="69">
<attrib name="value" value="13"/></item>
<item name="NumNodesOfType_Gnd_OUTPUT" rev="69">
<attrib name="value" value="8"/></item>
<item name="NumNodesOfType_Gnd_PREBXBY" rev="69">
<attrib name="value" value="6"/></item>
<item name="NumNodesOfType_Gnd_VFULLHEX" rev="69">
<attrib name="value" value="1"/></item>
</group>
<group name="SiteStatistics">
<item name="IBUF-DIFFM" rev="69">
<attrib name="value" value="1"/></item>
<item name="IBUF-DIFFMI" rev="69">
<attrib name="value" value="1"/></item>
<item name="IOB-DIFFM" rev="69">
<attrib name="value" value="4"/></item>
<item name="IOB-DIFFS" rev="69">
<attrib name="value" value="4"/></item>
<item name="SLICEL-SLICEM" rev="69">
<attrib name="value" value="28"/></item>
</group>
<group name="MiscellaneousStatistics">
<item name="AGG_BONDED_IO" rev="68">
<attrib name="value" value="17"/></item>
<item name="AGG_IO" rev="68">
<attrib name="value" value="17"/></item>
<item name="AGG_SLICE" rev="68">
<attrib name="value" value="80"/></item>
<item name="NUM_4_INPUT_LUT" rev="68">
<attrib name="value" value="107"/></item>
<item name="NUM_BONDED_IBUF" rev="68">
<attrib name="value" value="9"/></item>
<item name="NUM_BONDED_IOB" rev="68">
<attrib name="value" value="8"/></item>
<item name="NUM_BUFGMUX" rev="68">
<attrib name="value" value="1"/></item>
<item name="NUM_CYMUX" rev="68">
<attrib name="value" value="51"/></item>
<item name="NUM_LUT_RT" rev="68">
<attrib name="value" value="4"/></item>
<item name="NUM_MULT18X18SIO" rev="68">
<attrib name="value" value="1"/></item>
<item name="NUM_SHIFT" rev="68">
<attrib name="value" value="4"/></item>
<item name="NUM_SLICEL" rev="68">
<attrib name="value" value="76"/></item>
<item name="NUM_SLICEM" rev="68">
<attrib name="value" value="4"/></item>
<item name="NUM_SLICE_FF" rev="68">
<attrib name="value" value="79"/></item>
<item name="NUM_XOR" rev="68">
<attrib name="value" value="39"/></item>
<item name="Xilinx Core cordic_v4_0, Xilinx CORE Generator 14.7" rev="68">
<attrib name="value" value="1"/></item>
</group>
</DesignStatistics>
<DeviceUsage TimeStamp="Tue Dec 06 20:59:54 2016"><group name="SiteSummary">
<item name="BUFGMUX" rev="69">
<attrib name="total" value="1000000"/><attrib name="used" value="1"/></item>
<item name="BUFGMUX_GCLKMUX" rev="69">
<attrib name="total" value="1000000"/><attrib name="used" value="1"/></item>
<item name="BUFGMUX_GCLK_BUFFER" rev="69">
<attrib name="total" value="1000000"/><attrib name="used" value="1"/></item>
<item name="IBUF" rev="69">
<attrib name="total" value="1000000"/><attrib name="used" value="9"/></item>
<item name="IBUF_INBUF" rev="69">
<attrib name="total" value="1000000"/><attrib name="used" value="9"/></item>
<item name="IBUF_PAD" rev="69">
<attrib name="total" value="1000000"/><attrib name="used" value="9"/></item>
<item name="IOB" rev="69">
<attrib name="total" value="1000000"/><attrib name="used" value="8"/></item>
<item name="IOB_OUTBUF" rev="69">
<attrib name="total" value="1000000"/><attrib name="used" value="8"/></item>
<item name="IOB_PAD" rev="69">
<attrib name="total" value="1000000"/><attrib name="used" value="8"/></item>
<item name="MULT18X18SIO" rev="69">
<attrib name="total" value="1000000"/><attrib name="used" value="1"/></item>
<item name="MULT18X18SIO_MULT18X18SIO" rev="69">
<attrib name="total" value="1000000"/><attrib name="used" value="1"/></item>
<item name="SLICEL" rev="69">
<attrib name="total" value="1000000"/><attrib name="used" value="76"/></item>
<item name="SLICEL_CYMUXF" rev="69">
<attrib name="total" value="1000000"/><attrib name="used" value="27"/></item>
<item name="SLICEL_CYMUXG" rev="69">
<attrib name="total" value="1000000"/><attrib name="used" value="24"/></item>
<item name="SLICEL_F" rev="69">
<attrib name="total" value="1000000"/><attrib name="used" value="50"/></item>
<item name="SLICEL_F5MUX" rev="69">
<attrib name="total" value="1000000"/><attrib name="used" value="13"/></item>
<item name="SLICEL_FFX" rev="69">
<attrib name="total" value="1000000"/><attrib name="used" value="34"/></item>
<item name="SLICEL_FFY" rev="69">
<attrib name="total" value="1000000"/><attrib name="used" value="41"/></item>
<item name="SLICEL_G" rev="69">
<attrib name="total" value="1000000"/><attrib name="used" value="53"/></item>
<item name="SLICEL_GNDF" rev="69">
<attrib name="total" value="1000000"/><attrib name="used" value="15"/></item>
<item name="SLICEL_GNDG" rev="69">
<attrib name="total" value="1000000"/><attrib name="used" value="14"/></item>
<item name="SLICEL_VDDF" rev="69">
<attrib name="total" value="1000000"/><attrib name="used" value="1"/></item>
<item name="SLICEL_XORF" rev="69">
<attrib name="total" value="1000000"/><attrib name="used" value="20"/></item>
<item name="SLICEL_XORG" rev="69">
<attrib name="total" value="1000000"/><attrib name="used" value="19"/></item>
<item name="SLICEM" rev="69">
<attrib name="total" value="1000000"/><attrib name="used" value="4"/></item>
<item name="SLICEM_FFY" rev="69">
<attrib name="total" value="1000000"/><attrib name="used" value="4"/></item>
<item name="SLICEM_G" rev="69">
<attrib name="total" value="1000000"/><attrib name="used" value="4"/></item>
<item name="SLICEM_WSGEN" rev="69">
<attrib name="total" value="1000000"/><attrib name="used" value="4"/></item>
</group>
</DeviceUsage>
<ReportConfigData TimeStamp="Tue Dec 06 20:59:54 2016"><group name="SLICEL_CYMUXF">
<item name="0" rev="69">
<attrib name="0" value="26"/><attrib name="0_INV" value="0"/></item>
<item name="1" rev="69">
<attrib name="1_INV" value="0"/><attrib name="1" value="27"/></item>
</group>
<group name="SLICEL_CYMUXG">
<item name="0" rev="69">
<attrib name="0" value="24"/><attrib name="0_INV" value="0"/></item>
</group>
<group name="IBUF_PAD">
<item name="IOATTRBOX" rev="69">
<attrib name="LVTTL" value="8"/><attrib name="LVCMOS33" value="1"/></item>
<item name="PULL" rev="69">
<attrib name="PULLDOWN" value="4"/></item>
</group>
<group name="SLICEM_G">
<item name="DI" rev="69">
<attrib name="DI" value="4"/><attrib name="DI_INV" value="0"/></item>
<item name="G_ATTR" rev="69">
<attrib name="SHIFT_REG" value="4"/></item>
<item name="LUT_OR_MEM" rev="69">
<attrib name="RAM" value="4"/></item>
</group>
<group name="SLICEL">
<item name="BX" rev="69">
<attrib name="BX_INV" value="2"/><attrib name="BX" value="28"/></item>
<item name="BY" rev="69">
<attrib name="BY" value="17"/><attrib name="BY_INV" value="5"/></item>
<item name="CE" rev="69">
<attrib name="CE" value="15"/><attrib name="CE_INV" value="0"/></item>
<item name="CIN" rev="69">
<attrib name="CIN_INV" value="0"/><attrib name="CIN" value="22"/></item>
<item name="CLK" rev="69">
<attrib name="CLK" value="49"/><attrib name="CLK_INV" value="0"/></item>
<item name="SR" rev="69">
<attrib name="SR" value="25"/><attrib name="SR_INV" value="0"/></item>
</group>
<group name="SLICEM">
<item name="BY" rev="69">
<attrib name="BY" value="4"/><attrib name="BY_INV" value="0"/></item>
<item name="CLK" rev="69">
<attrib name="CLK" value="4"/><attrib name="CLK_INV" value="0"/></item>
<item name="SR" rev="69">
<attrib name="SR" value="4"/><attrib name="SR_INV" value="0"/></item>
</group>
<group name="IOB_OUTBUF">
<item name="IN" rev="69">
<attrib name="IN_INV" value="0"/><attrib name="IN" value="8"/></item>
</group>
<group name="MULT18X18SIO">
<item name="CEA" rev="69">
<attrib name="CEA_INV" value="0"/><attrib name="CEA" value="1"/></item>
<item name="CEB" rev="69">
<attrib name="CEB_INV" value="0"/><attrib name="CEB" value="1"/></item>
<item name="CEP" rev="69">
<attrib name="CEP" value="1"/><attrib name="CEP_INV" value="0"/></item>
<item name="CLK" rev="69">
<attrib name="CLK" value="1"/><attrib name="CLK_INV" value="0"/></item>
<item name="RSTA" rev="69">
<attrib name="RSTA" value="1"/><attrib name="RSTA_INV" value="0"/></item>
<item name="RSTB" rev="69">
<attrib name="RSTB" value="1"/><attrib name="RSTB_INV" value="0"/></item>
<item name="RSTP" rev="69">
<attrib name="RSTP_INV" value="0"/><attrib name="RSTP" value="1"/></item>
</group>
<group name="SLICEL_FFX">
<item name="CE" rev="69">
<attrib name="CE" value="13"/><attrib name="CE_INV" value="0"/></item>
<item name="CK" rev="69">
<attrib name="CK" value="34"/><attrib name="CK_INV" value="0"/></item>
<item name="D" rev="69">
<attrib name="D" value="32"/><attrib name="D_INV" value="2"/></item>
<item name="FFX_INIT_ATTR" rev="69">
<attrib name="INIT0" value="33"/><attrib name="INIT1" value="1"/></item>
<item name="FFX_SR_ATTR" rev="69">
<attrib name="SRLOW" value="33"/><attrib name="SRHIGH" value="1"/></item>
<item name="LATCH_OR_FF" rev="69">
<attrib name="FF" value="34"/></item>
<item name="SR" rev="69">
<attrib name="SR" value="23"/><attrib name="SR_INV" value="0"/></item>
<item name="SYNC_ATTR" rev="69">
<attrib name="ASYNC" value="25"/><attrib name="SYNC" value="9"/></item>
</group>
<group name="SLICEL_XORF">
<item name="1" rev="69">
<attrib name="1_INV" value="0"/><attrib name="1" value="20"/></item>
</group>
<group name="SLICEL_FFY">
<item name="CE" rev="69">
<attrib name="CE" value="11"/><attrib name="CE_INV" value="0"/></item>
<item name="CK" rev="69">
<attrib name="CK" value="41"/><attrib name="CK_INV" value="0"/></item>
<item name="D" rev="69">
<attrib name="D" value="36"/><attrib name="D_INV" value="5"/></item>
<item name="FFY_INIT_ATTR" rev="69">
<attrib name="INIT0" value="39"/><attrib name="INIT1" value="2"/></item>
<item name="FFY_SR_ATTR" rev="69">
<attrib name="SRLOW" value="39"/><attrib name="SRHIGH" value="2"/></item>
<item name="LATCH_OR_FF" rev="69">
<attrib name="FF" value="41"/></item>
<item name="SR" rev="69">
<attrib name="SR" value="19"/><attrib name="SR_INV" value="0"/></item>
<item name="SYNC_ATTR" rev="69">
<attrib name="ASYNC" value="27"/><attrib name="SYNC" value="14"/></item>
</group>
<group name="BUFGMUX_GCLKMUX">
<item name="DISABLE_ATTR" rev="69">
<attrib name="LOW" value="1"/></item>
<item name="S" rev="69">
<attrib name="S_INV" value="1"/><attrib name="S" value="0"/></item>
</group>
<group name="SLICEL_F5MUX">
<item name="S0" rev="69">
<attrib name="S0" value="13"/><attrib name="S0_INV" value="0"/></item>
</group>
<group name="MULT18X18SIO_MULT18X18SIO">
<item name="AREG" rev="69">
<attrib name="0" value="1"/></item>
<item name="BREG" rev="69">
<attrib name="0" value="1"/></item>
<item name="B_INPUT" rev="69">
<attrib name="DIRECT" value="1"/></item>
<item name="CEA" rev="69">
<attrib name="CEA_INV" value="0"/><attrib name="CEA" value="1"/></item>
<item name="CEB" rev="69">
<attrib name="CEB_INV" value="0"/><attrib name="CEB" value="1"/></item>
<item name="CEP" rev="69">
<attrib name="CEP" value="1"/><attrib name="CEP_INV" value="0"/></item>
<item name="CLK" rev="69">
<attrib name="CLK" value="1"/><attrib name="CLK_INV" value="0"/></item>
<item name="PREG" rev="69">
<attrib name="0" value="1"/></item>
<item name="PREG_CLKINVERSION" rev="69">
<attrib name="0" value="1"/></item>
<item name="RSTA" rev="69">
<attrib name="RSTA" value="1"/><attrib name="RSTA_INV" value="0"/></item>
<item name="RSTB" rev="69">
<attrib name="RSTB" value="1"/><attrib name="RSTB_INV" value="0"/></item>
<item name="RSTP" rev="69">
<attrib name="RSTP_INV" value="0"/><attrib name="RSTP" value="1"/></item>
</group>
<group name="SLICEM_WSGEN">
<item name="CK" rev="69">
<attrib name="CK" value="4"/><attrib name="CK_INV" value="0"/></item>
<item name="SYNC_ATTR" rev="69">
<attrib name="ASYNC" value="4"/></item>
<item name="WE" rev="69">
<attrib name="WE_INV" value="0"/><attrib name="WE" value="4"/></item>
</group>
<group name="SLICEM_FFY">
<item name="CK" rev="69">
<attrib name="CK" value="4"/><attrib name="CK_INV" value="0"/></item>
<item name="D" rev="69">
<attrib name="D" value="4"/><attrib name="D_INV" value="0"/></item>
<item name="FFY_INIT_ATTR" rev="69">
<attrib name="INIT0" value="4"/></item>
<item name="FFY_SR_ATTR" rev="69">
<attrib name="SRLOW" value="4"/></item>
<item name="LATCH_OR_FF" rev="69">
<attrib name="FF" value="4"/></item>
<item name="SYNC_ATTR" rev="69">
<attrib name="ASYNC" value="4"/></item>
</group>
<group name="IOB_PAD">
<item name="DRIVEATTRBOX" rev="69">
<attrib name="8" value="8"/></item>
<item name="IOATTRBOX" rev="69">
<attrib name="LVTTL" value="8"/></item>
<item name="SLEW" rev="69">
<attrib name="SLOW" value="8"/></item>
</group>
<group name="IOB">
<item name="O1" rev="69">
<attrib name="O1_INV" value="0"/><attrib name="O1" value="8"/></item>
</group>
<group name="BUFGMUX">
<item name="S" rev="69">
<attrib name="S_INV" value="1"/><attrib name="S" value="0"/></item>
</group>
</ReportConfigData>
<ReportPinData TimeStamp="Tue Dec 06 20:59:54 2016"><group name="SLICEL_CYMUXF">
<item name="0" rev="69">
<attrib name="value" value="26"/></item>
<item name="1" rev="69">
<attrib name="value" value="27"/></item>
<item name="OUT" rev="69">
<attrib name="value" value="27"/></item>
<item name="S0" rev="69">
<attrib name="value" value="27"/></item>
</group>
<group name="SLICEL_CYMUXG">
<item name="0" rev="69">
<attrib name="value" value="24"/></item>
<item name="1" rev="69">
<attrib name="value" value="24"/></item>
<item name="OUT" rev="69">
<attrib name="value" value="24"/></item>
<item name="S0" rev="69">
<attrib name="value" value="24"/></item>
</group>
<group name="IBUF_PAD">
<item name="PAD" rev="69">
<attrib name="value" value="9"/></item>
</group>
<group name="IBUF_INBUF">
<item name="IN" rev="69">
<attrib name="value" value="9"/></item>
<item name="OUT" rev="69">
<attrib name="value" value="9"/></item>
</group>
<group name="SLICEM_G">
<item name="A1" rev="69">
<attrib name="value" value="4"/></item>
<item name="A2" rev="69">
<attrib name="value" value="4"/></item>
<item name="A3" rev="69">
<attrib name="value" value="4"/></item>
<item name="A4" rev="69">
<attrib name="value" value="4"/></item>
<item name="D" rev="69">
<attrib name="value" value="4"/></item>
<item name="DI" rev="69">
<attrib name="value" value="4"/></item>
<item name="WS" rev="69">
<attrib name="value" value="4"/></item>
</group>
<group name="BUFGMUX_GCLK_BUFFER">
<item name="IN" rev="69">
<attrib name="value" value="1"/></item>
<item name="OUT" rev="69">
<attrib name="value" value="1"/></item>
</group>
<group name="SLICEL">
<item name="BX" rev="69">
<attrib name="value" value="30"/></item>
<item name="BY" rev="69">
<attrib name="value" value="22"/></item>
<item name="CE" rev="69">
<attrib name="value" value="15"/></item>
<item name="CIN" rev="69">
<attrib name="value" value="22"/></item>
<item name="CLK" rev="69">
<attrib name="value" value="49"/></item>
<item name="COUT" rev="69">
<attrib name="value" value="24"/></item>
<item name="F1" rev="69">
<attrib name="value" value="50"/></item>
<item name="F2" rev="69">
<attrib name="value" value="44"/></item>
<item name="F3" rev="69">
<attrib name="value" value="36"/></item>
<item name="F4" rev="69">
<attrib name="value" value="19"/></item>
<item name="G1" rev="69">
<attrib name="value" value="52"/></item>
<item name="G2" rev="69">
<attrib name="value" value="45"/></item>
<item name="G3" rev="69">
<attrib name="value" value="34"/></item>
<item name="G4" rev="69">
<attrib name="value" value="18"/></item>
<item name="SR" rev="69">
<attrib name="value" value="25"/></item>
<item name="X" rev="69">
<attrib name="value" value="20"/></item>
<item name="XB" rev="69">
<attrib name="value" value="1"/></item>
<item name="XQ" rev="69">
<attrib name="value" value="34"/></item>
<item name="Y" rev="69">
<attrib name="value" value="14"/></item>
<item name="YQ" rev="69">
<attrib name="value" value="41"/></item>
</group>
<group name="SLICEM">
<item name="BY" rev="69">
<attrib name="value" value="4"/></item>
<item name="CLK" rev="69">
<attrib name="value" value="4"/></item>
<item name="G1" rev="69">
<attrib name="value" value="4"/></item>
<item name="G2" rev="69">
<attrib name="value" value="4"/></item>
<item name="G3" rev="69">
<attrib name="value" value="4"/></item>
<item name="G4" rev="69">
<attrib name="value" value="4"/></item>
<item name="SR" rev="69">
<attrib name="value" value="4"/></item>
<item name="YQ" rev="69">
<attrib name="value" value="4"/></item>
</group>
<group name="IOB_OUTBUF">
<item name="IN" rev="69">
<attrib name="value" value="8"/></item>
<item name="OUT" rev="69">
<attrib name="value" value="8"/></item>
</group>
<group name="IBUF">
<item name="I" rev="69">
<attrib name="value" value="9"/></item>
<item name="PAD" rev="69">
<attrib name="value" value="9"/></item>
</group>
<group name="MULT18X18SIO">
<item name="A0" rev="69">
<attrib name="value" value="1"/></item>
<item name="A1" rev="69">
<attrib name="value" value="1"/></item>
<item name="A10" rev="69">
<attrib name="value" value="1"/></item>
<item name="A11" rev="69">
<attrib name="value" value="1"/></item>
<item name="A12" rev="69">
<attrib name="value" value="1"/></item>
<item name="A13" rev="69">
<attrib name="value" value="1"/></item>
<item name="A14" rev="69">
<attrib name="value" value="1"/></item>
<item name="A15" rev="69">
<attrib name="value" value="1"/></item>
<item name="A16" rev="69">
<attrib name="value" value="1"/></item>
<item name="A17" rev="69">
<attrib name="value" value="1"/></item>
<item name="A2" rev="69">
<attrib name="value" value="1"/></item>
<item name="A3" rev="69">
<attrib name="value" value="1"/></item>
<item name="A4" rev="69">
<attrib name="value" value="1"/></item>
<item name="A5" rev="69">
<attrib name="value" value="1"/></item>
<item name="A6" rev="69">
<attrib name="value" value="1"/></item>
<item name="A7" rev="69">
<attrib name="value" value="1"/></item>
<item name="A8" rev="69">
<attrib name="value" value="1"/></item>
<item name="A9" rev="69">
<attrib name="value" value="1"/></item>
<item name="B0" rev="69">
<attrib name="value" value="1"/></item>
<item name="B1" rev="69">
<attrib name="value" value="1"/></item>
<item name="B10" rev="69">
<attrib name="value" value="1"/></item>
<item name="B11" rev="69">
<attrib name="value" value="1"/></item>
<item name="B12" rev="69">
<attrib name="value" value="1"/></item>
<item name="B13" rev="69">
<attrib name="value" value="1"/></item>
<item name="B14" rev="69">
<attrib name="value" value="1"/></item>
<item name="B15" rev="69">
<attrib name="value" value="1"/></item>
<item name="B16" rev="69">
<attrib name="value" value="1"/></item>
<item name="B17" rev="69">
<attrib name="value" value="1"/></item>
<item name="B2" rev="69">
<attrib name="value" value="1"/></item>
<item name="B3" rev="69">
<attrib name="value" value="1"/></item>
<item name="B4" rev="69">
<attrib name="value" value="1"/></item>
<item name="B5" rev="69">
<attrib name="value" value="1"/></item>
<item name="B6" rev="69">
<attrib name="value" value="1"/></item>
<item name="B7" rev="69">
<attrib name="value" value="1"/></item>
<item name="B8" rev="69">
<attrib name="value" value="1"/></item>
<item name="B9" rev="69">
<attrib name="value" value="1"/></item>
<item name="CEA" rev="69">
<attrib name="value" value="1"/></item>
<item name="CEB" rev="69">
<attrib name="value" value="1"/></item>
<item name="CEP" rev="69">
<attrib name="value" value="1"/></item>
<item name="CLK" rev="69">
<attrib name="value" value="1"/></item>
<item name="P0" rev="69">
<attrib name="value" value="1"/></item>
<item name="P1" rev="69">
<attrib name="value" value="1"/></item>
<item name="P2" rev="69">
<attrib name="value" value="1"/></item>
<item name="P3" rev="69">
<attrib name="value" value="1"/></item>
<item name="P4" rev="69">
<attrib name="value" value="1"/></item>
<item name="P5" rev="69">
<attrib name="value" value="1"/></item>
<item name="P6" rev="69">
<attrib name="value" value="1"/></item>
<item name="P7" rev="69">
<attrib name="value" value="1"/></item>
<item name="RSTA" rev="69">
<attrib name="value" value="1"/></item>
<item name="RSTB" rev="69">
<attrib name="value" value="1"/></item>
<item name="RSTP" rev="69">
<attrib name="value" value="1"/></item>
</group>
<group name="SLICEL_VDDF">
<item name="1" rev="69">
<attrib name="value" value="1"/></item>
</group>
<group name="SLICEL_VDDG">
<item name="1" rev="28">
<attrib name="value" value="3"/></item>
</group>
<group name="SLICEL_FFX">
<item name="CE" rev="69">
<attrib name="value" value="13"/></item>
<item name="CK" rev="69">
<attrib name="value" value="34"/></item>
<item name="D" rev="69">
<attrib name="value" value="34"/></item>
<item name="Q" rev="69">
<attrib name="value" value="34"/></item>
<item name="SR" rev="69">
<attrib name="value" value="23"/></item>
</group>
<group name="SLICEL_XORF">
<item name="0" rev="69">
<attrib name="value" value="20"/></item>
<item name="1" rev="69">
<attrib name="value" value="20"/></item>
<item name="O" rev="69">
<attrib name="value" value="20"/></item>
</group>
<group name="SLICEL_FFY">
<item name="CE" rev="69">
<attrib name="value" value="11"/></item>
<item name="CK" rev="69">
<attrib name="value" value="41"/></item>
<item name="D" rev="69">
<attrib name="value" value="41"/></item>
<item name="Q" rev="69">
<attrib name="value" value="41"/></item>
<item name="SR" rev="69">
<attrib name="value" value="19"/></item>
</group>
<group name="SLICEL_XORG">
<item name="0" rev="69">
<attrib name="value" value="19"/></item>
<item name="1" rev="69">
<attrib name="value" value="19"/></item>
<item name="O" rev="69">
<attrib name="value" value="19"/></item>
</group>
<group name="BUFGMUX_GCLKMUX">
<item name="I0" rev="69">
<attrib name="value" value="1"/></item>
<item name="OUT" rev="69">
<attrib name="value" value="1"/></item>
<item name="S" rev="69">
<attrib name="value" value="1"/></item>
</group>
<group name="SLICEL_F5MUX">
<item name="F" rev="69">
<attrib name="value" value="13"/></item>
<item name="G" rev="69">
<attrib name="value" value="13"/></item>
<item name="OUT" rev="69">
<attrib name="value" value="13"/></item>
<item name="S0" rev="69">
<attrib name="value" value="13"/></item>
</group>
<group name="MULT18X18SIO_MULT18X18SIO">
<item name="A0" rev="69">
<attrib name="value" value="1"/></item>
<item name="A1" rev="69">
<attrib name="value" value="1"/></item>
<item name="A10" rev="69">
<attrib name="value" value="1"/></item>
<item name="A11" rev="69">
<attrib name="value" value="1"/></item>
<item name="A12" rev="69">
<attrib name="value" value="1"/></item>
<item name="A13" rev="69">
<attrib name="value" value="1"/></item>
<item name="A14" rev="69">
<attrib name="value" value="1"/></item>
<item name="A15" rev="69">
<attrib name="value" value="1"/></item>
<item name="A16" rev="69">
<attrib name="value" value="1"/></item>
<item name="A17" rev="69">
<attrib name="value" value="1"/></item>
<item name="A2" rev="69">
<attrib name="value" value="1"/></item>
<item name="A3" rev="69">
<attrib name="value" value="1"/></item>
<item name="A4" rev="69">
<attrib name="value" value="1"/></item>
<item name="A5" rev="69">
<attrib name="value" value="1"/></item>
<item name="A6" rev="69">
<attrib name="value" value="1"/></item>
<item name="A7" rev="69">
<attrib name="value" value="1"/></item>
<item name="A8" rev="69">
<attrib name="value" value="1"/></item>
<item name="A9" rev="69">
<attrib name="value" value="1"/></item>
<item name="B0" rev="69">
<attrib name="value" value="1"/></item>
<item name="B1" rev="69">
<attrib name="value" value="1"/></item>
<item name="B10" rev="69">
<attrib name="value" value="1"/></item>
<item name="B11" rev="69">
<attrib name="value" value="1"/></item>
<item name="B12" rev="69">
<attrib name="value" value="1"/></item>
<item name="B13" rev="69">
<attrib name="value" value="1"/></item>
<item name="B14" rev="69">
<attrib name="value" value="1"/></item>
<item name="B15" rev="69">
<attrib name="value" value="1"/></item>
<item name="B16" rev="69">
<attrib name="value" value="1"/></item>
<item name="B17" rev="69">
<attrib name="value" value="1"/></item>
<item name="B2" rev="69">
<attrib name="value" value="1"/></item>
<item name="B3" rev="69">
<attrib name="value" value="1"/></item>
<item name="B4" rev="69">
<attrib name="value" value="1"/></item>
<item name="B5" rev="69">
<attrib name="value" value="1"/></item>
<item name="B6" rev="69">
<attrib name="value" value="1"/></item>
<item name="B7" rev="69">
<attrib name="value" value="1"/></item>
<item name="B8" rev="69">
<attrib name="value" value="1"/></item>
<item name="B9" rev="69">
<attrib name="value" value="1"/></item>
<item name="CEA" rev="69">
<attrib name="value" value="1"/></item>
<item name="CEB" rev="69">
<attrib name="value" value="1"/></item>
<item name="CEP" rev="69">
<attrib name="value" value="1"/></item>
<item name="CLK" rev="69">
<attrib name="value" value="1"/></item>
<item name="P0" rev="69">
<attrib name="value" value="1"/></item>
<item name="P1" rev="69">
<attrib name="value" value="1"/></item>
<item name="P2" rev="69">
<attrib name="value" value="1"/></item>
<item name="P3" rev="69">
<attrib name="value" value="1"/></item>
<item name="P4" rev="69">
<attrib name="value" value="1"/></item>
<item name="P5" rev="69">
<attrib name="value" value="1"/></item>
<item name="P6" rev="69">
<attrib name="value" value="1"/></item>
<item name="P7" rev="69">
<attrib name="value" value="1"/></item>
<item name="RSTA" rev="69">
<attrib name="value" value="1"/></item>
<item name="RSTB" rev="69">
<attrib name="value" value="1"/></item>
<item name="RSTP" rev="69">
<attrib name="value" value="1"/></item>
</group>
<group name="SLICEM_WSGEN">
<item name="CK" rev="69">
<attrib name="value" value="4"/></item>
<item name="WE" rev="69">
<attrib name="value" value="4"/></item>
<item name="WSG" rev="69">
<attrib name="value" value="4"/></item>
</group>
<group name="SLICEM_FFY">
<item name="CK" rev="69">
<attrib name="value" value="4"/></item>
<item name="D" rev="69">
<attrib name="value" value="4"/></item>
<item name="Q" rev="69">
<attrib name="value" value="4"/></item>
</group>
<group name="IOB_PAD">
<item name="PAD" rev="69">
<attrib name="value" value="8"/></item>
</group>
<group name="IOB">
<item name="O1" rev="69">
<attrib name="value" value="8"/></item>
<item name="PAD" rev="69">
<attrib name="value" value="8"/></item>
</group>
<group name="SLICEL_C1VDD">
<item name="1" rev="57">
<attrib name="value" value="1"/></item>
</group>
<group name="BUFGMUX">
<item name="I0" rev="69">
<attrib name="value" value="1"/></item>
<item name="O" rev="69">
<attrib name="value" value="1"/></item>
<item name="S" rev="69">
<attrib name="value" value="1"/></item>
</group>
<group name="SLICEL_F">
<item name="A1" rev="69">
<attrib name="value" value="50"/></item>
<item name="A2" rev="69">
<attrib name="value" value="44"/></item>
<item name="A3" rev="69">
<attrib name="value" value="36"/></item>
<item name="A4" rev="69">
<attrib name="value" value="19"/></item>
<item name="D" rev="69">
<attrib name="value" value="50"/></item>
</group>
<group name="SLICEL_G">
<item name="A1" rev="69">
<attrib name="value" value="52"/></item>
<item name="A2" rev="69">
<attrib name="value" value="45"/></item>
<item name="A3" rev="69">
<attrib name="value" value="34"/></item>
<item name="A4" rev="69">
<attrib name="value" value="18"/></item>
<item name="D" rev="69">
<attrib name="value" value="53"/></item>
</group>
<group name="SLICEL_GNDF">
<item name="0" rev="69">
<attrib name="value" value="15"/></item>
</group>
<group name="SLICEL_GNDG">
<item name="0" rev="69">
<attrib name="value" value="14"/></item>
</group>
</ReportPinData>
<CmdHistory>
</CmdHistory>
</DeviceUsageSummary>
