<?xml version="1.0" encoding="UTF-8"?>
<!-- IMPORTANT: This is an internal file that has been generated
     by the Xilinx ISE software.  Any direct editing or
     changes made to this file may result in unpredictable
     behavior or data corruption.  It is strongly advised that
     users do not edit the contents of this file. -->
<DeviceUsageSummary rev="89">
<DesignStatistics TimeStamp="Fri Dec 16 17:02:10 2016"><group name="NetStatistics">
<item name="NumNets_Active" rev="89">
<attrib name="value" value="1644"/></item>
<item name="NumNets_Gnd" rev="89">
<attrib name="value" value="1"/></item>
<item name="NumNets_Vcc" rev="89">
<attrib name="value" value="1"/></item>
<item name="NumNodesOfType_Active_BRAMDUMMY" rev="89">
<attrib name="value" value="20"/></item>
<item name="NumNodesOfType_Active_CLKPIN" rev="89">
<attrib name="value" value="639"/></item>
<item name="NumNodesOfType_Active_CNTRLPIN" rev="89">
<attrib name="value" value="298"/></item>
<item name="NumNodesOfType_Active_DOUBLE" rev="89">
<attrib name="value" value="2358"/></item>
<item name="NumNodesOfType_Active_DUMMY" rev="89">
<attrib name="value" value="3384"/></item>
<item name="NumNodesOfType_Active_DUMMYBANK" rev="89">
<attrib name="value" value="4"/></item>
<item name="NumNodesOfType_Active_DUMMYESC" rev="89">
<attrib name="value" value="9"/></item>
<item name="NumNodesOfType_Active_GLOBAL" rev="89">
<attrib name="value" value="130"/></item>
<item name="NumNodesOfType_Active_HFULLHEX" rev="89">
<attrib name="value" value="28"/></item>
<item name="NumNodesOfType_Active_HLONG" rev="89">
<attrib name="value" value="2"/></item>
<item name="NumNodesOfType_Active_HUNIHEX" rev="89">
<attrib name="value" value="136"/></item>
<item name="NumNodesOfType_Active_INPUT" rev="89">
<attrib name="value" value="4072"/></item>
<item name="NumNodesOfType_Active_IOBOUTPUT" rev="89">
<attrib name="value" value="9"/></item>
<item name="NumNodesOfType_Active_OMUX" rev="89">
<attrib name="value" value="1444"/></item>
<item name="NumNodesOfType_Active_OUTPUT" rev="89">
<attrib name="value" value="1608"/></item>
<item name="NumNodesOfType_Active_PREBXBY" rev="89">
<attrib name="value" value="1362"/></item>
<item name="NumNodesOfType_Active_VFULLHEX" rev="89">
<attrib name="value" value="99"/></item>
<item name="NumNodesOfType_Active_VLONG" rev="89">
<attrib name="value" value="24"/></item>
<item name="NumNodesOfType_Active_VUNIHEX" rev="89">
<attrib name="value" value="141"/></item>
<item name="NumNodesOfType_Gnd_BRAMDUMMY" rev="89">
<attrib name="value" value="30"/></item>
<item name="NumNodesOfType_Gnd_CLKPIN" rev="89">
<attrib name="value" value="1"/></item>
<item name="NumNodesOfType_Gnd_DOUBLE" rev="89">
<attrib name="value" value="6"/></item>
<item name="NumNodesOfType_Gnd_DUMMY" rev="89">
<attrib name="value" value="22"/></item>
<item name="NumNodesOfType_Gnd_DUMMYBANK" rev="89">
<attrib name="value" value="3"/></item>
<item name="NumNodesOfType_Gnd_INPUT" rev="89">
<attrib name="value" value="66"/></item>
<item name="NumNodesOfType_Gnd_OMUX" rev="89">
<attrib name="value" value="33"/></item>
<item name="NumNodesOfType_Gnd_OUTPUT" rev="89">
<attrib name="value" value="18"/></item>
<item name="NumNodesOfType_Gnd_PREBXBY" rev="89">
<attrib name="value" value="19"/></item>
<item name="NumNodesOfType_Gnd_VFULLHEX" rev="89">
<attrib name="value" value="2"/></item>
<item name="NumNodesOfType_Vcc_CNTRLPIN" rev="89">
<attrib name="value" value="5"/></item>
<item name="NumNodesOfType_Vcc_DUMMY" rev="89">
<attrib name="value" value="2"/></item>
<item name="NumNodesOfType_Vcc_INPUT" rev="89">
<attrib name="value" value="18"/></item>
<item name="NumNodesOfType_Vcc_PREBXBY" rev="89">
<attrib name="value" value="16"/></item>
<item name="NumNodesOfType_Vcc_VCCOUT" rev="89">
<attrib name="value" value="15"/></item>
</group>
<group name="SiteStatistics">
<item name="IBUF-DIFFM" rev="89">
<attrib name="value" value="1"/></item>
<item name="IBUF-DIFFMI" rev="89">
<attrib name="value" value="1"/></item>
<item name="IOB-DIFFM" rev="89">
<attrib name="value" value="8"/></item>
<item name="IOB-DIFFS" rev="89">
<attrib name="value" value="7"/></item>
<item name="SLICEL-SLICEM" rev="89">
<attrib name="value" value="391"/></item>
</group>
<group name="MiscellaneousStatistics">
<item name="AGG_BONDED_IO" rev="88">
<attrib name="value" value="24"/></item>
<item name="AGG_IO" rev="88">
<attrib name="value" value="24"/></item>
<item name="AGG_SLICE" rev="88">
<attrib name="value" value="867"/></item>
<item name="NUM_4_INPUT_LUT" rev="88">
<attrib name="value" value="1109"/></item>
<item name="NUM_BONDED_IBUF" rev="88">
<attrib name="value" value="9"/></item>
<item name="NUM_BONDED_IOB" rev="88">
<attrib name="value" value="15"/></item>
<item name="NUM_BUFGMUX" rev="88">
<attrib name="value" value="1"/></item>
<item name="NUM_CYMUX" rev="88">
<attrib name="value" value="395"/></item>
<item name="NUM_LUT_RT" rev="88">
<attrib name="value" value="60"/></item>
<item name="NUM_MULT18X18SIO" rev="88">
<attrib name="value" value="1"/></item>
<item name="NUM_MULTAND" rev="88">
<attrib name="value" value="20"/></item>
<item name="NUM_SHIFT" rev="88">
<attrib name="value" value="4"/></item>
<item name="NUM_SLICEL" rev="88">
<attrib name="value" value="863"/></item>
<item name="NUM_SLICEM" rev="88">
<attrib name="value" value="4"/></item>
<item name="NUM_SLICE_FF" rev="88">
<attrib name="value" value="1040"/></item>
<item name="NUM_XOR" rev="88">
<attrib name="value" value="416"/></item>
<item name="Xilinx Core cordic_v4_0, Xilinx CORE Generator 14.7" rev="88">
<attrib name="value" value="1"/></item>
<item name="Xilinx Core div_gen_v3_0, Xilinx CORE Generator 14.7" rev="88">
<attrib name="value" value="4"/></item>
</group>
</DesignStatistics>
<DeviceUsage TimeStamp="Fri Dec 16 17:02:10 2016"><group name="SiteSummary">
<item name="BUFGMUX" rev="89">
<attrib name="total" value="1000000"/><attrib name="used" value="1"/></item>
<item name="BUFGMUX_GCLKMUX" rev="89">
<attrib name="total" value="1000000"/><attrib name="used" value="1"/></item>
<item name="BUFGMUX_GCLK_BUFFER" rev="89">
<attrib name="total" value="1000000"/><attrib name="used" value="1"/></item>
<item name="IBUF" rev="89">
<attrib name="total" value="1000000"/><attrib name="used" value="9"/></item>
<item name="IBUF_INBUF" rev="89">
<attrib name="total" value="1000000"/><attrib name="used" value="9"/></item>
<item name="IBUF_PAD" rev="89">
<attrib name="total" value="1000000"/><attrib name="used" value="9"/></item>
<item name="IOB" rev="89">
<attrib name="total" value="1000000"/><attrib name="used" value="15"/></item>
<item name="IOB_OUTBUF" rev="89">
<attrib name="total" value="1000000"/><attrib name="used" value="15"/></item>
<item name="IOB_PAD" rev="89">
<attrib name="total" value="1000000"/><attrib name="used" value="15"/></item>
<item name="MULT18X18SIO" rev="89">
<attrib name="total" value="1000000"/><attrib name="used" value="1"/></item>
<item name="MULT18X18SIO_MULT18X18SIO" rev="89">
<attrib name="total" value="1000000"/><attrib name="used" value="1"/></item>
<item name="SLICEL" rev="89">
<attrib name="total" value="1000000"/><attrib name="used" value="863"/></item>
<item name="SLICEL_C1VDD" rev="89">
<attrib name="total" value="1000000"/><attrib name="used" value="2"/></item>
<item name="SLICEL_CYMUXF" rev="89">
<attrib name="total" value="1000000"/><attrib name="used" value="203"/></item>
<item name="SLICEL_CYMUXG" rev="89">
<attrib name="total" value="1000000"/><attrib name="used" value="192"/></item>
<item name="SLICEL_F" rev="89">
<attrib name="total" value="1000000"/><attrib name="used" value="591"/></item>
<item name="SLICEL_F5MUX" rev="89">
<attrib name="total" value="1000000"/><attrib name="used" value="66"/></item>
<item name="SLICEL_FAND" rev="89">
<attrib name="total" value="1000000"/><attrib name="used" value="12"/></item>
<item name="SLICEL_FFX" rev="89">
<attrib name="total" value="1000000"/><attrib name="used" value="492"/></item>
<item name="SLICEL_FFY" rev="89">
<attrib name="total" value="1000000"/><attrib name="used" value="544"/></item>
<item name="SLICEL_G" rev="89">
<attrib name="total" value="1000000"/><attrib name="used" value="514"/></item>
<item name="SLICEL_GAND" rev="89">
<attrib name="total" value="1000000"/><attrib name="used" value="8"/></item>
<item name="SLICEL_GNDF" rev="89">
<attrib name="total" value="1000000"/><attrib name="used" value="53"/></item>
<item name="SLICEL_GNDG" rev="89">
<attrib name="total" value="1000000"/><attrib name="used" value="52"/></item>
<item name="SLICEL_VDDF" rev="89">
<attrib name="total" value="1000000"/><attrib name="used" value="9"/></item>
<item name="SLICEL_VDDG" rev="89">
<attrib name="total" value="1000000"/><attrib name="used" value="10"/></item>
<item name="SLICEL_XORF" rev="89">
<attrib name="total" value="1000000"/><attrib name="used" value="222"/></item>
<item name="SLICEL_XORG" rev="89">
<attrib name="total" value="1000000"/><attrib name="used" value="194"/></item>
<item name="SLICEM" rev="89">
<attrib name="total" value="1000000"/><attrib name="used" value="4"/></item>
<item name="SLICEM_FFY" rev="89">
<attrib name="total" value="1000000"/><attrib name="used" value="4"/></item>
<item name="SLICEM_G" rev="89">
<attrib name="total" value="1000000"/><attrib name="used" value="4"/></item>
<item name="SLICEM_WSGEN" rev="89">
<attrib name="total" value="1000000"/><attrib name="used" value="4"/></item>
</group>
</DeviceUsage>
<ReportConfigData TimeStamp="Fri Dec 16 17:02:10 2016"><group name="SLICEL_CYMUXF">
<item name="0" rev="89">
<attrib name="0" value="194"/><attrib name="0_INV" value="0"/></item>
<item name="1" rev="89">
<attrib name="1_INV" value="28"/><attrib name="1" value="175"/></item>
</group>
<group name="SLICEL_CYMUXG">
<item name="0" rev="89">
<attrib name="0" value="182"/><attrib name="0_INV" value="0"/></item>
</group>
<group name="IBUF_PAD">
<item name="IOATTRBOX" rev="89">
<attrib name="LVTTL" value="8"/><attrib name="LVCMOS33" value="1"/></item>
<item name="PULL" rev="89">
<attrib name="PULLDOWN" value="4"/></item>
</group>
<group name="SLICEM_F">
<item name="DI" rev="66">
<attrib name="DI" value="2"/><attrib name="DI_INV" value="0"/></item>
<item name="F_ATTR" rev="66">
<attrib name="SHIFT_REG" value="2"/></item>
<item name="LUT_OR_MEM" rev="66">
<attrib name="LUT" value="3"/><attrib name="RAM" value="2"/></item>
</group>
<group name="SLICEM_G">
<item name="DI" rev="89">
<attrib name="DI" value="4"/><attrib name="DI_INV" value="0"/></item>
<item name="G_ATTR" rev="89">
<attrib name="SHIFT_REG" value="4"/></item>
<item name="LUT_OR_MEM" rev="89">
<attrib name="RAM" value="4"/></item>
</group>
<group name="SLICEM_F6MUX">
<item name="S0" rev="58">
<attrib name="S0" value="3"/><attrib name="S0_INV" value="0"/></item>
</group>
<group name="SLICEL">
<item name="BX" rev="89">
<attrib name="BX_INV" value="42"/><attrib name="BX" value="195"/></item>
<item name="BY" rev="89">
<attrib name="BY" value="242"/><attrib name="BY_INV" value="13"/></item>
<item name="CE" rev="89">
<attrib name="CE" value="41"/><attrib name="CE_INV" value="16"/></item>
<item name="CIN" rev="89">
<attrib name="CIN_INV" value="0"/><attrib name="CIN" value="187"/></item>
<item name="CLK" rev="89">
<attrib name="CLK" value="635"/><attrib name="CLK_INV" value="0"/></item>
<item name="SR" rev="89">
<attrib name="SR" value="241"/><attrib name="SR_INV" value="0"/></item>
</group>
<group name="SLICEM">
<item name="BY" rev="89">
<attrib name="BY" value="4"/><attrib name="BY_INV" value="0"/></item>
<item name="CLK" rev="89">
<attrib name="CLK" value="4"/><attrib name="CLK_INV" value="0"/></item>
<item name="SR" rev="89">
<attrib name="SR" value="4"/><attrib name="SR_INV" value="0"/></item>
</group>
<group name="SLICEL_F6MUX">
<item name="S0" rev="58">
<attrib name="S0" value="3"/><attrib name="S0_INV" value="0"/></item>
</group>
<group name="IOB_OUTBUF">
<item name="IN" rev="89">
<attrib name="IN_INV" value="0"/><attrib name="IN" value="15"/></item>
</group>
<group name="MULT18X18SIO">
<item name="CEA" rev="89">
<attrib name="CEA_INV" value="0"/><attrib name="CEA" value="1"/></item>
<item name="CEB" rev="89">
<attrib name="CEB_INV" value="0"/><attrib name="CEB" value="1"/></item>
<item name="CEP" rev="89">
<attrib name="CEP" value="1"/><attrib name="CEP_INV" value="0"/></item>
<item name="CLK" rev="89">
<attrib name="CLK" value="1"/><attrib name="CLK_INV" value="0"/></item>
<item name="RSTA" rev="89">
<attrib name="RSTA" value="1"/><attrib name="RSTA_INV" value="0"/></item>
<item name="RSTB" rev="89">
<attrib name="RSTB" value="1"/><attrib name="RSTB_INV" value="0"/></item>
<item name="RSTP" rev="89">
<attrib name="RSTP_INV" value="0"/><attrib name="RSTP" value="1"/></item>
</group>
<group name="SLICEM_F5MUX">
<item name="S0" rev="58">
<attrib name="S0" value="2"/><attrib name="S0_INV" value="0"/></item>
</group>
<group name="SLICEL_FFX">
<item name="CE" rev="89">
<attrib name="CE" value="37"/><attrib name="CE_INV" value="14"/></item>
<item name="CK" rev="89">
<attrib name="CK" value="492"/><attrib name="CK_INV" value="0"/></item>
<item name="D" rev="89">
<attrib name="D" value="478"/><attrib name="D_INV" value="14"/></item>
<item name="FFX_INIT_ATTR" rev="89">
<attrib name="INIT0" value="312"/><attrib name="INIT1" value="180"/></item>
<item name="FFX_SR_ATTR" rev="89">
<attrib name="SRLOW" value="492"/></item>
<item name="LATCH_OR_FF" rev="89">
<attrib name="FF" value="492"/></item>
<item name="SR" rev="89">
<attrib name="SR" value="209"/><attrib name="SR_INV" value="0"/></item>
<item name="SYNC_ATTR" rev="89">
<attrib name="ASYNC" value="453"/><attrib name="SYNC" value="39"/></item>
</group>
<group name="SLICEL_XORF">
<item name="1" rev="89">
<attrib name="1_INV" value="28"/><attrib name="1" value="194"/></item>
</group>
<group name="SLICEL_FFY">
<item name="CE" rev="89">
<attrib name="CE" value="27"/><attrib name="CE_INV" value="16"/></item>
<item name="CK" rev="89">
<attrib name="CK" value="544"/><attrib name="CK_INV" value="0"/></item>
<item name="D" rev="89">
<attrib name="D" value="531"/><attrib name="D_INV" value="13"/></item>
<item name="FFY_INIT_ATTR" rev="89">
<attrib name="INIT0" value="381"/><attrib name="INIT1" value="163"/></item>
<item name="FFY_SR_ATTR" rev="89">
<attrib name="SRLOW" value="541"/><attrib name="SRHIGH" value="3"/></item>
<item name="LATCH_OR_FF" rev="89">
<attrib name="FF" value="544"/></item>
<item name="SR" rev="89">
<attrib name="SR" value="172"/><attrib name="SR_INV" value="0"/></item>
<item name="SYNC_ATTR" rev="89">
<attrib name="ASYNC" value="498"/><attrib name="SYNC" value="46"/></item>
</group>
<group name="BUFGMUX_GCLKMUX">
<item name="DISABLE_ATTR" rev="89">
<attrib name="LOW" value="1"/></item>
<item name="S" rev="89">
<attrib name="S_INV" value="1"/><attrib name="S" value="0"/></item>
</group>
<group name="SLICEL_F5MUX">
<item name="S0" rev="89">
<attrib name="S0" value="66"/><attrib name="S0_INV" value="0"/></item>
</group>
<group name="MULT18X18SIO_MULT18X18SIO">
<item name="AREG" rev="89">
<attrib name="0" value="1"/></item>
<item name="BREG" rev="89">
<attrib name="0" value="1"/></item>
<item name="B_INPUT" rev="89">
<attrib name="DIRECT" value="1"/></item>
<item name="CEA" rev="89">
<attrib name="CEA_INV" value="0"/><attrib name="CEA" value="1"/></item>
<item name="CEB" rev="89">
<attrib name="CEB_INV" value="0"/><attrib name="CEB" value="1"/></item>
<item name="CEP" rev="89">
<attrib name="CEP" value="1"/><attrib name="CEP_INV" value="0"/></item>
<item name="CLK" rev="89">
<attrib name="CLK" value="1"/><attrib name="CLK_INV" value="0"/></item>
<item name="PREG" rev="89">
<attrib name="0" value="1"/></item>
<item name="PREG_CLKINVERSION" rev="89">
<attrib name="0" value="1"/></item>
<item name="RSTA" rev="89">
<attrib name="RSTA" value="1"/><attrib name="RSTA_INV" value="0"/></item>
<item name="RSTB" rev="89">
<attrib name="RSTB" value="1"/><attrib name="RSTB_INV" value="0"/></item>
<item name="RSTP" rev="89">
<attrib name="RSTP_INV" value="0"/><attrib name="RSTP" value="1"/></item>
</group>
<group name="SLICEM_XORF">
<item name="1" rev="66">
<attrib name="1_INV" value="1"/><attrib name="1" value="2"/></item>
</group>
<group name="SLICEM_WSGEN">
<item name="CK" rev="89">
<attrib name="CK" value="4"/><attrib name="CK_INV" value="0"/></item>
<item name="SYNC_ATTR" rev="89">
<attrib name="ASYNC" value="4"/></item>
<item name="WE" rev="89">
<attrib name="WE_INV" value="0"/><attrib name="WE" value="4"/></item>
</group>
<group name="SLICEM_FFX">
<item name="CK" rev="66">
<attrib name="CK" value="6"/><attrib name="CK_INV" value="0"/></item>
<item name="D" rev="66">
<attrib name="D" value="6"/><attrib name="D_INV" value="0"/></item>
<item name="FFX_INIT_ATTR" rev="66">
<attrib name="INIT0" value="3"/><attrib name="INIT1" value="3"/></item>
<item name="FFX_SR_ATTR" rev="66">
<attrib name="SRLOW" value="6"/></item>
<item name="LATCH_OR_FF" rev="66">
<attrib name="FF" value="6"/></item>
<item name="SYNC_ATTR" rev="66">
<attrib name="ASYNC" value="6"/></item>
</group>
<group name="SLICEM_FFY">
<item name="CK" rev="89">
<attrib name="CK" value="4"/><attrib name="CK_INV" value="0"/></item>
<item name="D" rev="89">
<attrib name="D" value="4"/><attrib name="D_INV" value="0"/></item>
<item name="FFY_INIT_ATTR" rev="89">
<attrib name="INIT0" value="4"/></item>
<item name="FFY_SR_ATTR" rev="89">
<attrib name="SRLOW" value="4"/></item>
<item name="LATCH_OR_FF" rev="89">
<attrib name="FF" value="4"/></item>
<item name="SYNC_ATTR" rev="89">
<attrib name="ASYNC" value="4"/></item>
</group>
<group name="IOB_PAD">
<item name="DRIVEATTRBOX" rev="89">
<attrib name="4" value="7"/><attrib name="8" value="8"/></item>
<item name="IOATTRBOX" rev="89">
<attrib name="LVTTL" value="8"/><attrib name="LVCMOS33" value="7"/></item>
<item name="SLEW" rev="89">
<attrib name="SLOW" value="15"/></item>
</group>
<group name="SLICEM_CYMUXF">
<item name="0" rev="66">
<attrib name="0" value="2"/><attrib name="0_INV" value="0"/></item>
<item name="1" rev="66">
<attrib name="1_INV" value="1"/><attrib name="1" value="1"/></item>
</group>
<group name="SLICEM_CYMUXG">
<item name="0" rev="66">
<attrib name="0" value="2"/><attrib name="0_INV" value="0"/></item>
</group>
<group name="IOB">
<item name="O1" rev="89">
<attrib name="O1_INV" value="0"/><attrib name="O1" value="15"/></item>
</group>
<group name="BUFGMUX">
<item name="S" rev="89">
<attrib name="S_INV" value="1"/><attrib name="S" value="0"/></item>
</group>
</ReportConfigData>
<ReportPinData TimeStamp="Fri Dec 16 17:02:10 2016"><group name="SLICEL_CYMUXF">
<item name="0" rev="89">
<attrib name="value" value="194"/></item>
<item name="1" rev="89">
<attrib name="value" value="203"/></item>
<item name="OUT" rev="89">
<attrib name="value" value="203"/></item>
<item name="S0" rev="89">
<attrib name="value" value="203"/></item>
</group>
<group name="SLICEL_CYMUXG">
<item name="0" rev="89">
<attrib name="value" value="182"/></item>
<item name="1" rev="89">
<attrib name="value" value="192"/></item>
<item name="OUT" rev="89">
<attrib name="value" value="192"/></item>
<item name="S0" rev="89">
<attrib name="value" value="192"/></item>
</group>
<group name="IBUF_PAD">
<item name="PAD" rev="89">
<attrib name="value" value="9"/></item>
</group>
<group name="IBUF_INBUF">
<item name="IN" rev="89">
<attrib name="value" value="9"/></item>
<item name="OUT" rev="89">
<attrib name="value" value="9"/></item>
</group>
<group name="SLICEM_F">
<item name="A1" rev="66">
<attrib name="value" value="5"/></item>
<item name="A2" rev="66">
<attrib name="value" value="5"/></item>
<item name="A3" rev="66">
<attrib name="value" value="3"/></item>
<item name="A4" rev="66">
<attrib name="value" value="2"/></item>
<item name="D" rev="66">
<attrib name="value" value="5"/></item>
<item name="DI" rev="66">
<attrib name="value" value="2"/></item>
<item name="WS" rev="66">
<attrib name="value" value="2"/></item>
</group>
<group name="SLICEM_G">
<item name="A1" rev="89">
<attrib name="value" value="4"/></item>
<item name="A2" rev="89">
<attrib name="value" value="4"/></item>
<item name="A3" rev="89">
<attrib name="value" value="4"/></item>
<item name="A4" rev="89">
<attrib name="value" value="4"/></item>
<item name="D" rev="89">
<attrib name="value" value="4"/></item>
<item name="DI" rev="89">
<attrib name="value" value="4"/></item>
<item name="WS" rev="89">
<attrib name="value" value="4"/></item>
</group>
<group name="BUFGMUX_GCLK_BUFFER">
<item name="IN" rev="89">
<attrib name="value" value="1"/></item>
<item name="OUT" rev="89">
<attrib name="value" value="1"/></item>
</group>
<group name="SLICEM_F6MUX">
<item name="0" rev="58">
<attrib name="value" value="3"/></item>
<item name="1" rev="58">
<attrib name="value" value="2"/></item>
<item name="OUT" rev="58">
<attrib name="value" value="3"/></item>
<item name="S0" rev="58">
<attrib name="value" value="3"/></item>
</group>
<group name="SLICEL">
<item name="BX" rev="89">
<attrib name="value" value="237"/></item>
<item name="BY" rev="89">
<attrib name="value" value="255"/></item>
<item name="CE" rev="89">
<attrib name="value" value="57"/></item>
<item name="CIN" rev="89">
<attrib name="value" value="187"/></item>
<item name="CLK" rev="89">
<attrib name="value" value="635"/></item>
<item name="COUT" rev="89">
<attrib name="value" value="192"/></item>
<item name="F1" rev="89">
<attrib name="value" value="583"/></item>
<item name="F2" rev="89">
<attrib name="value" value="549"/></item>
<item name="F3" rev="89">
<attrib name="value" value="443"/></item>
<item name="F4" rev="89">
<attrib name="value" value="253"/></item>
<item name="G1" rev="89">
<attrib name="value" value="502"/></item>
<item name="G2" rev="89">
<attrib name="value" value="463"/></item>
<item name="G3" rev="89">
<attrib name="value" value="374"/></item>
<item name="G4" rev="89">
<attrib name="value" value="224"/></item>
<item name="SR" rev="89">
<attrib name="value" value="241"/></item>
<item name="X" rev="89">
<attrib name="value" value="218"/></item>
<item name="XB" rev="89">
<attrib name="value" value="1"/></item>
<item name="XQ" rev="89">
<attrib name="value" value="492"/></item>
<item name="Y" rev="89">
<attrib name="value" value="151"/></item>
<item name="YQ" rev="89">
<attrib name="value" value="544"/></item>
</group>
<group name="SLICEM">
<item name="BY" rev="89">
<attrib name="value" value="4"/></item>
<item name="CLK" rev="89">
<attrib name="value" value="4"/></item>
<item name="G1" rev="89">
<attrib name="value" value="4"/></item>
<item name="G2" rev="89">
<attrib name="value" value="4"/></item>
<item name="G3" rev="89">
<attrib name="value" value="4"/></item>
<item name="G4" rev="89">
<attrib name="value" value="4"/></item>
<item name="SR" rev="89">
<attrib name="value" value="4"/></item>
<item name="YQ" rev="89">
<attrib name="value" value="4"/></item>
</group>
<group name="SLICEL_F6MUX">
<item name="0" rev="58">
<attrib name="value" value="3"/></item>
<item name="1" rev="58">
<attrib name="value" value="2"/></item>
<item name="OUT" rev="58">
<attrib name="value" value="3"/></item>
<item name="S0" rev="58">
<attrib name="value" value="3"/></item>
</group>
<group name="SLICEM_GNDF">
<item name="0" rev="66">
<attrib name="value" value="1"/></item>
</group>
<group name="IOB_OUTBUF">
<item name="IN" rev="89">
<attrib name="value" value="15"/></item>
<item name="OUT" rev="89">
<attrib name="value" value="15"/></item>
</group>
<group name="IBUF">
<item name="I" rev="89">
<attrib name="value" value="9"/></item>
<item name="PAD" rev="89">
<attrib name="value" value="9"/></item>
</group>
<group name="MULT18X18SIO">
<item name="A0" rev="89">
<attrib name="value" value="1"/></item>
<item name="A1" rev="89">
<attrib name="value" value="1"/></item>
<item name="A10" rev="89">
<attrib name="value" value="1"/></item>
<item name="A11" rev="89">
<attrib name="value" value="1"/></item>
<item name="A12" rev="89">
<attrib name="value" value="1"/></item>
<item name="A13" rev="89">
<attrib name="value" value="1"/></item>
<item name="A14" rev="89">
<attrib name="value" value="1"/></item>
<item name="A15" rev="89">
<attrib name="value" value="1"/></item>
<item name="A16" rev="89">
<attrib name="value" value="1"/></item>
<item name="A17" rev="89">
<attrib name="value" value="1"/></item>
<item name="A2" rev="89">
<attrib name="value" value="1"/></item>
<item name="A3" rev="89">
<attrib name="value" value="1"/></item>
<item name="A4" rev="89">
<attrib name="value" value="1"/></item>
<item name="A5" rev="89">
<attrib name="value" value="1"/></item>
<item name="A6" rev="89">
<attrib name="value" value="1"/></item>
<item name="A7" rev="89">
<attrib name="value" value="1"/></item>
<item name="A8" rev="89">
<attrib name="value" value="1"/></item>
<item name="A9" rev="89">
<attrib name="value" value="1"/></item>
<item name="B0" rev="89">
<attrib name="value" value="1"/></item>
<item name="B1" rev="89">
<attrib name="value" value="1"/></item>
<item name="B10" rev="89">
<attrib name="value" value="1"/></item>
<item name="B11" rev="89">
<attrib name="value" value="1"/></item>
<item name="B12" rev="89">
<attrib name="value" value="1"/></item>
<item name="B13" rev="89">
<attrib name="value" value="1"/></item>
<item name="B14" rev="89">
<attrib name="value" value="1"/></item>
<item name="B15" rev="89">
<attrib name="value" value="1"/></item>
<item name="B16" rev="89">
<attrib name="value" value="1"/></item>
<item name="B17" rev="89">
<attrib name="value" value="1"/></item>
<item name="B2" rev="89">
<attrib name="value" value="1"/></item>
<item name="B3" rev="89">
<attrib name="value" value="1"/></item>
<item name="B4" rev="89">
<attrib name="value" value="1"/></item>
<item name="B5" rev="89">
<attrib name="value" value="1"/></item>
<item name="B6" rev="89">
<attrib name="value" value="1"/></item>
<item name="B7" rev="89">
<attrib name="value" value="1"/></item>
<item name="B8" rev="89">
<attrib name="value" value="1"/></item>
<item name="B9" rev="89">
<attrib name="value" value="1"/></item>
<item name="CEA" rev="89">
<attrib name="value" value="1"/></item>
<item name="CEB" rev="89">
<attrib name="value" value="1"/></item>
<item name="CEP" rev="89">
<attrib name="value" value="1"/></item>
<item name="CLK" rev="89">
<attrib name="value" value="1"/></item>
<item name="P0" rev="89">
<attrib name="value" value="1"/></item>
<item name="P1" rev="89">
<attrib name="value" value="1"/></item>
<item name="P2" rev="89">
<attrib name="value" value="1"/></item>
<item name="P3" rev="89">
<attrib name="value" value="1"/></item>
<item name="P4" rev="89">
<attrib name="value" value="1"/></item>
<item name="P5" rev="89">
<attrib name="value" value="1"/></item>
<item name="P6" rev="89">
<attrib name="value" value="1"/></item>
<item name="P7" rev="89">
<attrib name="value" value="1"/></item>
<item name="RSTA" rev="89">
<attrib name="value" value="1"/></item>
<item name="RSTB" rev="89">
<attrib name="value" value="1"/></item>
<item name="RSTP" rev="89">
<attrib name="value" value="1"/></item>
</group>
<group name="SLICEL_VDDF">
<item name="1" rev="89">
<attrib name="value" value="9"/></item>
</group>
<group name="SLICEL_VDDG">
<item name="1" rev="89">
<attrib name="value" value="10"/></item>
</group>
<group name="SLICEM_F5MUX">
<item name="F" rev="58">
<attrib name="value" value="1"/></item>
<item name="G" rev="58">
<attrib name="value" value="2"/></item>
<item name="OUT" rev="58">
<attrib name="value" value="2"/></item>
<item name="S0" rev="58">
<attrib name="value" value="2"/></item>
</group>
<group name="SLICEL_FFX">
<item name="CE" rev="89">
<attrib name="value" value="51"/></item>
<item name="CK" rev="89">
<attrib name="value" value="492"/></item>
<item name="D" rev="89">
<attrib name="value" value="492"/></item>
<item name="Q" rev="89">
<attrib name="value" value="492"/></item>
<item name="SR" rev="89">
<attrib name="value" value="209"/></item>
</group>
<group name="SLICEL_XORF">
<item name="0" rev="89">
<attrib name="value" value="222"/></item>
<item name="1" rev="89">
<attrib name="value" value="222"/></item>
<item name="O" rev="89">
<attrib name="value" value="222"/></item>
</group>
<group name="SLICEL_FFY">
<item name="CE" rev="89">
<attrib name="value" value="43"/></item>
<item name="CK" rev="89">
<attrib name="value" value="544"/></item>
<item name="D" rev="89">
<attrib name="value" value="544"/></item>
<item name="Q" rev="89">
<attrib name="value" value="544"/></item>
<item name="SR" rev="89">
<attrib name="value" value="172"/></item>
</group>
<group name="SLICEL_XORG">
<item name="0" rev="89">
<attrib name="value" value="194"/></item>
<item name="1" rev="89">
<attrib name="value" value="194"/></item>
<item name="O" rev="89">
<attrib name="value" value="194"/></item>
</group>
<group name="BUFGMUX_GCLKMUX">
<item name="I0" rev="89">
<attrib name="value" value="1"/></item>
<item name="OUT" rev="89">
<attrib name="value" value="1"/></item>
<item name="S" rev="89">
<attrib name="value" value="1"/></item>
</group>
<group name="SLICEL_F5MUX">
<item name="F" rev="89">
<attrib name="value" value="66"/></item>
<item name="G" rev="89">
<attrib name="value" value="66"/></item>
<item name="OUT" rev="89">
<attrib name="value" value="66"/></item>
<item name="S0" rev="89">
<attrib name="value" value="66"/></item>
</group>
<group name="SLICEL_GAND">
<item name="0" rev="89">
<attrib name="value" value="8"/></item>
<item name="1" rev="89">
<attrib name="value" value="8"/></item>
<item name="O" rev="89">
<attrib name="value" value="8"/></item>
</group>
<group name="MULT18X18SIO_MULT18X18SIO">
<item name="A0" rev="89">
<attrib name="value" value="1"/></item>
<item name="A1" rev="89">
<attrib name="value" value="1"/></item>
<item name="A10" rev="89">
<attrib name="value" value="1"/></item>
<item name="A11" rev="89">
<attrib name="value" value="1"/></item>
<item name="A12" rev="89">
<attrib name="value" value="1"/></item>
<item name="A13" rev="89">
<attrib name="value" value="1"/></item>
<item name="A14" rev="89">
<attrib name="value" value="1"/></item>
<item name="A15" rev="89">
<attrib name="value" value="1"/></item>
<item name="A16" rev="89">
<attrib name="value" value="1"/></item>
<item name="A17" rev="89">
<attrib name="value" value="1"/></item>
<item name="A2" rev="89">
<attrib name="value" value="1"/></item>
<item name="A3" rev="89">
<attrib name="value" value="1"/></item>
<item name="A4" rev="89">
<attrib name="value" value="1"/></item>
<item name="A5" rev="89">
<attrib name="value" value="1"/></item>
<item name="A6" rev="89">
<attrib name="value" value="1"/></item>
<item name="A7" rev="89">
<attrib name="value" value="1"/></item>
<item name="A8" rev="89">
<attrib name="value" value="1"/></item>
<item name="A9" rev="89">
<attrib name="value" value="1"/></item>
<item name="B0" rev="89">
<attrib name="value" value="1"/></item>
<item name="B1" rev="89">
<attrib name="value" value="1"/></item>
<item name="B10" rev="89">
<attrib name="value" value="1"/></item>
<item name="B11" rev="89">
<attrib name="value" value="1"/></item>
<item name="B12" rev="89">
<attrib name="value" value="1"/></item>
<item name="B13" rev="89">
<attrib name="value" value="1"/></item>
<item name="B14" rev="89">
<attrib name="value" value="1"/></item>
<item name="B15" rev="89">
<attrib name="value" value="1"/></item>
<item name="B16" rev="89">
<attrib name="value" value="1"/></item>
<item name="B17" rev="89">
<attrib name="value" value="1"/></item>
<item name="B2" rev="89">
<attrib name="value" value="1"/></item>
<item name="B3" rev="89">
<attrib name="value" value="1"/></item>
<item name="B4" rev="89">
<attrib name="value" value="1"/></item>
<item name="B5" rev="89">
<attrib name="value" value="1"/></item>
<item name="B6" rev="89">
<attrib name="value" value="1"/></item>
<item name="B7" rev="89">
<attrib name="value" value="1"/></item>
<item name="B8" rev="89">
<attrib name="value" value="1"/></item>
<item name="B9" rev="89">
<attrib name="value" value="1"/></item>
<item name="CEA" rev="89">
<attrib name="value" value="1"/></item>
<item name="CEB" rev="89">
<attrib name="value" value="1"/></item>
<item name="CEP" rev="89">
<attrib name="value" value="1"/></item>
<item name="CLK" rev="89">
<attrib name="value" value="1"/></item>
<item name="P0" rev="89">
<attrib name="value" value="1"/></item>
<item name="P1" rev="89">
<attrib name="value" value="1"/></item>
<item name="P2" rev="89">
<attrib name="value" value="1"/></item>
<item name="P3" rev="89">
<attrib name="value" value="1"/></item>
<item name="P4" rev="89">
<attrib name="value" value="1"/></item>
<item name="P5" rev="89">
<attrib name="value" value="1"/></item>
<item name="P6" rev="89">
<attrib name="value" value="1"/></item>
<item name="P7" rev="89">
<attrib name="value" value="1"/></item>
<item name="RSTA" rev="89">
<attrib name="value" value="1"/></item>
<item name="RSTB" rev="89">
<attrib name="value" value="1"/></item>
<item name="RSTP" rev="89">
<attrib name="value" value="1"/></item>
</group>
<group name="SLICEM_XORF">
<item name="0" rev="66">
<attrib name="value" value="3"/></item>
<item name="1" rev="66">
<attrib name="value" value="3"/></item>
<item name="O" rev="66">
<attrib name="value" value="3"/></item>
</group>
<group name="SLICEM_XORG">
<item name="0" rev="66">
<attrib name="value" value="2"/></item>
<item name="1" rev="66">
<attrib name="value" value="2"/></item>
<item name="O" rev="66">
<attrib name="value" value="2"/></item>
</group>
<group name="SLICEM_WSGEN">
<item name="CK" rev="89">
<attrib name="value" value="4"/></item>
<item name="WE" rev="89">
<attrib name="value" value="4"/></item>
<item name="WSG" rev="89">
<attrib name="value" value="4"/></item>
</group>
<group name="SLICEM_FFX">
<item name="CK" rev="66">
<attrib name="value" value="6"/></item>
<item name="D" rev="66">
<attrib name="value" value="6"/></item>
<item name="Q" rev="66">
<attrib name="value" value="6"/></item>
</group>
<group name="SLICEM_FFY">
<item name="CK" rev="89">
<attrib name="value" value="4"/></item>
<item name="D" rev="89">
<attrib name="value" value="4"/></item>
<item name="Q" rev="89">
<attrib name="value" value="4"/></item>
</group>
<group name="IOB_PAD">
<item name="PAD" rev="89">
<attrib name="value" value="15"/></item>
</group>
<group name="SLICEM_CYMUXF">
<item name="0" rev="66">
<attrib name="value" value="2"/></item>
<item name="1" rev="66">
<attrib name="value" value="2"/></item>
<item name="OUT" rev="66">
<attrib name="value" value="2"/></item>
<item name="S0" rev="66">
<attrib name="value" value="2"/></item>
</group>
<group name="SLICEM_CYMUXG">
<item name="0" rev="66">
<attrib name="value" value="2"/></item>
<item name="1" rev="66">
<attrib name="value" value="2"/></item>
<item name="OUT" rev="66">
<attrib name="value" value="2"/></item>
<item name="S0" rev="66">
<attrib name="value" value="2"/></item>
</group>
<group name="IOB">
<item name="O1" rev="89">
<attrib name="value" value="15"/></item>
<item name="PAD" rev="89">
<attrib name="value" value="15"/></item>
</group>
<group name="SLICEL_C1VDD">
<item name="1" rev="89">
<attrib name="value" value="2"/></item>
</group>
<group name="BUFGMUX">
<item name="I0" rev="89">
<attrib name="value" value="1"/></item>
<item name="O" rev="89">
<attrib name="value" value="1"/></item>
<item name="S" rev="89">
<attrib name="value" value="1"/></item>
</group>
<group name="SLICEL_FAND">
<item name="0" rev="89">
<attrib name="value" value="12"/></item>
<item name="1" rev="89">
<attrib name="value" value="12"/></item>
<item name="O" rev="89">
<attrib name="value" value="12"/></item>
</group>
<group name="SLICEL_F">
<item name="A1" rev="89">
<attrib name="value" value="579"/></item>
<item name="A2" rev="89">
<attrib name="value" value="545"/></item>
<item name="A3" rev="89">
<attrib name="value" value="443"/></item>
<item name="A4" rev="89">
<attrib name="value" value="253"/></item>
<item name="D" rev="89">
<attrib name="value" value="591"/></item>
</group>
<group name="SLICEL_G">
<item name="A1" rev="89">
<attrib name="value" value="498"/></item>
<item name="A2" rev="89">
<attrib name="value" value="459"/></item>
<item name="A3" rev="89">
<attrib name="value" value="374"/></item>
<item name="A4" rev="89">
<attrib name="value" value="224"/></item>
<item name="D" rev="89">
<attrib name="value" value="514"/></item>
</group>
<group name="SLICEL_GNDF">
<item name="0" rev="89">
<attrib name="value" value="53"/></item>
</group>
<group name="SLICEL_GNDG">
<item name="0" rev="89">
<attrib name="value" value="52"/></item>
</group>
</ReportPinData>
<CmdHistory>
</CmdHistory>
</DeviceUsageSummary>
